{
  "type": "FeatureCollection",
  "features": [
    {
      "type": "Feature",
      "properties": {
        "NOM_MPIO": "SEGOVIA",
        "COD_MPIO": "05736",
        "DEPARTAMENTO": "ANTIOQUIA",
        "DIVIPOLA": "05736",
        "OSM_ID": 1316170,
        "AREA_KM2": "1246.00"
      },
      "geometry": {
        "type": "Polygon",
        "coordinates": [
          [
            [
              -74.6326962,
              7.1637279
            ],
            [
              -74.6203685,
              7.1680196
            ],
            [
              -74.3895387,
              7.2678857
            ],
            [
              -74.3894736,
              7.268344
            ],
            [
              -74.3896362,
              7.2690968
            ],
            [
              -74.389859,
              7.269662
            ],
            [
              -74.389062,
              7.2702487
            ],
            [
              -74.3889187,
              7.2707491
            ],
            [
              -74.3890184,
              7.2709591
            ],
            [
              -74.3893795,
              7.2708973
            ],
            [
              -74.3900022,
              7.2711135
            ],
            [
              -74.3901392,
              7.2712617
            ],
            [
              -74.3900209,
              7.2715149
            ],
            [
              -74.3894667,
              7.2717497
            ],
            [
              -74.3893173,
              7.2723241
            ],
            [
              -74.3895725,
              7.2725711
            ],
            [
              -74.3897469,
              7.2728182
            ],
            [
              -74.389641,
              7.27393
            ],
            [
              -74.3891927,
              7.2740906
            ],
            [
              -74.3884455,
              7.2739362
            ],
            [
              -74.387069,
              7.2745439
            ],
            [
              -74.3870297,
              7.2747461
            ],
            [
              -74.3873408,
              7.2747177
            ],
            [
              -74.3877163,
              7.2748844
            ],
            [
              -74.3879166,
              7.2747425
            ],
            [
              -74.3879738,
              7.2744907
            ],
            [
              -74.3881419,
              7.2743736
            ],
            [
              -74.3883601,
              7.2744233
            ],
            [
              -74.3888107,
              7.2748687
            ],
            [
              -74.3889299,
              7.2752191
            ],
            [
              -74.3886505,
              7.2755451
            ],
            [
              -74.3881986,
              7.2756062
            ],
            [
              -74.3878494,
              7.2754066
            ],
            [
              -74.3871478,
              7.2753136
            ],
            [
              -74.3870584,
              7.2755072
            ],
            [
              -74.3873294,
              7.275604
            ],
            [
              -74.3874134,
              7.2757599
            ],
            [
              -74.3873972,
              7.276174
            ],
            [
              -74.3875191,
              7.2762869
            ],
            [
              -74.3876872,
              7.2762224
            ],
            [
              -74.3877777,
              7.2757875
            ],
            [
              -74.3880027,
              7.2757713
            ],
            [
              -74.3882683,
              7.2759273
            ],
            [
              -74.3883225,
              7.2760832
            ],
            [
              -74.3882547,
              7.276309
            ],
            [
              -74.3879647,
              7.2762983
            ],
            [
              -74.3878129,
              7.2763924
            ],
            [
              -74.3877425,
              7.2766451
            ],
            [
              -74.3878427,
              7.2768118
            ],
            [
              -74.3882005,
              7.2767069
            ],
            [
              -74.3886965,
              7.2768306
            ],
            [
              -74.3888456,
              7.2771532
            ],
            [
              -74.3882547,
              7.2776425
            ],
            [
              -74.3880325,
              7.2776371
            ],
            [
              -74.3877018,
              7.2772984
            ],
            [
              -74.3873169,
              7.2775538
            ],
            [
              -74.387382,
              7.2777985
            ],
            [
              -74.3877479,
              7.2779114
            ],
            [
              -74.3877994,
              7.2780431
            ],
            [
              -74.3877614,
              7.2785566
            ],
            [
              -74.3876503,
              7.2787179
            ],
            [
              -74.3871706,
              7.2789975
            ],
            [
              -74.3871977,
              7.2792986
            ],
            [
              -74.3873847,
              7.2795003
            ],
            [
              -74.3879213,
              7.2793255
            ],
            [
              -74.3880704,
              7.2794868
            ],
            [
              -74.388065,
              7.2796427
            ],
            [
              -74.387645,
              7.2798871
            ],
            [
              -74.3876943,
              7.2801031
            ],
            [
              -74.3884214,
              7.2802253
            ],
            [
              -74.3884255,
              7.2804535
            ],
            [
              -74.3879819,
              7.2806165
            ],
            [
              -74.3880106,
              7.2809751
            ],
            [
              -74.3882932,
              7.2810558
            ],
            [
              -74.3884288,
              7.2814918
            ],
            [
              -74.3886013,
              7.2817486
            ],
            [
              -74.3884452,
              7.2821235
            ],
            [
              -74.3879892,
              7.2822742
            ],
            [
              -74.3878496,
              7.2824617
            ],
            [
              -74.3879153,
              7.2827062
            ],
            [
              -74.3883959,
              7.2829955
            ],
            [
              -74.3887698,
              7.2829181
            ],
            [
              -74.3892668,
              7.2831829
            ],
            [
              -74.3893983,
              7.2834926
            ],
            [
              -74.389119,
              7.2838716
            ],
            [
              -74.3887287,
              7.2840142
            ],
            [
              -74.3883466,
              7.2840183
            ],
            [
              -74.3879975,
              7.2838838
            ],
            [
              -74.3878126,
              7.2840305
            ],
            [
              -74.3884247,
              7.285037
            ],
            [
              -74.3889711,
              7.2850248
            ],
            [
              -74.3891477,
              7.2852815
            ],
            [
              -74.3890327,
              7.2855871
            ],
            [
              -74.3886465,
              7.2857298
            ],
            [
              -74.3884699,
              7.2856034
            ],
            [
              -74.3883877,
              7.2851348
            ],
            [
              -74.3875743,
              7.2852163
            ],
            [
              -74.3874059,
              7.2857542
            ],
            [
              -74.3875004,
              7.2859254
            ],
            [
              -74.388055,
              7.2860313
            ],
            [
              -74.3889216,
              7.2867778
            ],
            [
              -74.3896209,
              7.2877134
            ],
            [
              -74.3896352,
              7.2881148
            ],
            [
              -74.3894401,
              7.2882224
            ],
            [
              -74.3889522,
              7.287561
            ],
            [
              -74.3887571,
              7.2875556
            ],
            [
              -74.3886324,
              7.2877277
            ],
            [
              -74.3888926,
              7.2885235
            ],
            [
              -74.3887408,
              7.2889145
            ],
            [
              -74.3883939,
              7.2890221
            ],
            [
              -74.387841,
              7.2889737
            ],
            [
              -74.3877,
              7.2891242
            ],
            [
              -74.3878518,
              7.2895006
            ],
            [
              -74.3880506,
              7.2900992
            ],
            [
              -74.388866,
              7.2901772
            ],
            [
              -74.3891021,
              7.2905674
            ],
            [
              -74.3889518,
              7.2909789
            ],
            [
              -74.3886014,
              7.2911208
            ],
            [
              -74.3884369,
              7.2913975
            ],
            [
              -74.3886273,
              7.2917916
            ],
            [
              -74.3885987,
              7.2920257
            ],
            [
              -74.387626,
              7.2924656
            ],
            [
              -74.3875044,
              7.2927068
            ],
            [
              -74.3878692,
              7.2931892
            ],
            [
              -74.3878191,
              7.2934517
            ],
            [
              -74.3874829,
              7.2935014
            ],
            [
              -74.3871468,
              7.2931608
            ],
            [
              -74.386875,
              7.292125
            ],
            [
              -74.3864387,
              7.2917561
            ],
            [
              -74.3859237,
              7.2917703
            ],
            [
              -74.3854945,
              7.2920895
            ],
            [
              -74.3853872,
              7.292501
            ],
            [
              -74.3856662,
              7.2928416
            ],
            [
              -74.3857019,
              7.2931608
            ],
            [
              -74.3853166,
              7.2935618
            ],
            [
              -74.3846662,
              7.2938199
            ],
            [
              -74.3845252,
              7.2937446
            ],
            [
              -74.3845144,
              7.2933736
            ],
            [
              -74.3848017,
              7.2930886
            ],
            [
              -74.3846499,
              7.2928736
            ],
            [
              -74.3843084,
              7.2930349
            ],
            [
              -74.3841241,
              7.2935833
            ],
            [
              -74.3839425,
              7.2939522
            ],
            [
              -74.3845576,
              7.2942856
            ],
            [
              -74.3847726,
              7.2950892
            ],
            [
              -74.3850191,
              7.2954315
            ],
            [
              -74.3854135,
              7.2953908
            ],
            [
              -74.3858301,
              7.2954983
            ],
            [
              -74.3861604,
              7.2961629
            ],
            [
              -74.3857923,
              7.2965468
            ],
            [
              -74.3857263,
              7.2969961
            ],
            [
              -74.385311,
              7.2972114
            ],
            [
              -74.3852166,
              7.2975484
            ],
            [
              -74.3851789,
              7.2979042
            ],
            [
              -74.3854337,
              7.2980727
            ],
            [
              -74.3857546,
              7.2977918
            ],
            [
              -74.3861604,
              7.2972489
            ],
            [
              -74.3872678,
              7.2974312
            ],
            [
              -74.3874752,
              7.2976653
            ],
            [
              -74.3875325,
              7.2980059
            ],
            [
              -74.3873536,
              7.2982116
            ],
            [
              -74.3862705,
              7.2983431
            ],
            [
              -74.3858646,
              7.2987643
            ],
            [
              -74.3859118,
              7.2993822
            ],
            [
              -74.3861345,
              7.2993906
            ],
            [
              -74.386344,
              7.2994803
            ],
            [
              -74.3863645,
              7.2997696
            ],
            [
              -74.3864878,
              7.2998959
            ],
            [
              -74.3871368,
              7.2996596
            ],
            [
              -74.3876503,
              7.2997777
            ],
            [
              -74.3877325,
              7.3000385
            ],
            [
              -74.3874942,
              7.3002137
            ],
            [
              -74.387104,
              7.3002341
            ],
            [
              -74.3868862,
              7.3003034
            ],
            [
              -74.3868657,
              7.3004949
            ],
            [
              -74.3870218,
              7.3007149
            ],
            [
              -74.3870341,
              7.3009594
            ],
            [
              -74.3869431,
              7.3014596
            ],
            [
              -74.3870252,
              7.3016145
            ],
            [
              -74.38751,
              7.3014107
            ],
            [
              -74.3880769,
              7.3009462
            ],
            [
              -74.3885452,
              7.3009299
            ],
            [
              -74.3886274,
              7.3011336
            ],
            [
              -74.3881508,
              7.3014189
            ],
            [
              -74.3878109,
              7.3019337
            ],
            [
              -74.3881418,
              7.3030755
            ],
            [
              -74.3885104,
              7.3030917
            ],
            [
              -74.3889169,
              7.3033551
            ],
            [
              -74.3893018,
              7.3032583
            ],
            [
              -74.389394,
              7.3030594
            ],
            [
              -74.3893169,
              7.3024886
            ],
            [
              -74.3894528,
              7.3024034
            ],
            [
              -74.3897961,
              7.3027156
            ],
            [
              -74.3902181,
              7.3029213
            ],
            [
              -74.3908046,
              7.3026305
            ],
            [
              -74.3913697,
              7.3029355
            ],
            [
              -74.3914841,
              7.3032973
            ],
            [
              -74.3911193,
              7.3035811
            ],
            [
              -74.3906043,
              7.3032548
            ],
            [
              -74.3901609,
              7.3033044
            ],
            [
              -74.3897961,
              7.3038436
            ],
            [
              -74.3897961,
              7.3042409
            ],
            [
              -74.3902109,
              7.3045602
            ],
            [
              -74.3907617,
              7.3042622
            ],
            [
              -74.3911622,
              7.3044608
            ],
            [
              -74.391434,
              7.3051419
            ],
            [
              -74.3922654,
              7.305996
            ],
            [
              -74.3927207,
              7.3062837
            ],
            [
              -74.3931869,
              7.3060901
            ],
            [
              -74.393214,
              7.3058025
            ],
            [
              -74.393279,
              7.3056922
            ],
            [
              -74.3934877,
              7.3057191
            ],
            [
              -74.3937777,
              7.3059449
            ],
            [
              -74.3937482,
              7.3062393
            ],
            [
              -74.3933512,
              7.3066934
            ],
            [
              -74.3931223,
              7.3066685
            ],
            [
              -74.3928863,
              7.3067253
            ],
            [
              -74.3929149,
              7.3069204
            ],
            [
              -74.3931259,
              7.3069878
            ],
            [
              -74.3933047,
              7.3072751
            ],
            [
              -74.3932332,
              7.3075624
            ],
            [
              -74.3934513,
              7.307942
            ],
            [
              -74.3936445,
              7.3079916
            ],
            [
              -74.3937625,
              7.307871
            ],
            [
              -74.3935837,
              7.3076192
            ],
            [
              -74.393598,
              7.3074525
            ],
            [
              -74.393716,
              7.3074205
            ],
            [
              -74.394256,
              7.3077469
            ],
            [
              -74.3945063,
              7.3081761
            ],
            [
              -74.3948854,
              7.3083393
            ],
            [
              -74.3951436,
              7.3085653
            ],
            [
              -74.3951951,
              7.3088475
            ],
            [
              -74.3950623,
              7.3090035
            ],
            [
              -74.3946232,
              7.3090787
            ],
            [
              -74.3946015,
              7.3093046
            ],
            [
              -74.3946855,
              7.3094578
            ],
            [
              -74.395046,
              7.3095384
            ],
            [
              -74.395748,
              7.309853
            ],
            [
              -74.3959431,
              7.3098718
            ],
            [
              -74.3963524,
              7.3099471
            ],
            [
              -74.3964147,
              7.3101137
            ],
            [
              -74.3977726,
              7.3106616
            ],
            [
              -74.3987884,
              7.3107912
            ],
            [
              -74.3996991,
              7.3111621
            ],
            [
              -74.3997966,
              7.3113127
            ],
            [
              -74.3996882,
              7.3115116
            ],
            [
              -74.3994985,
              7.3115546
            ],
            [
              -74.3992546,
              7.3117751
            ],
            [
              -74.3992509,
              7.3121155
            ],
            [
              -74.3997039,
              7.3126491
            ],
            [
              -74.3996048,
              7.3128831
            ],
            [
              -74.3996662,
              7.313267
            ],
            [
              -74.4001381,
              7.3134308
            ],
            [
              -74.4006005,
              7.3130891
            ],
            [
              -74.4010205,
              7.312944
            ],
            [
              -74.4014358,
              7.3138614
            ],
            [
              -74.4011762,
              7.3140065
            ],
            [
              -74.4007531,
              7.3136171
            ],
            [
              -74.4006013,
              7.3136225
            ],
            [
              -74.4004576,
              7.3138671
            ],
            [
              -74.4005525,
              7.3141091
            ],
            [
              -74.4010878,
              7.3141548
            ],
            [
              -74.4011041,
              7.3143806
            ],
            [
              -74.4006216,
              7.3146064
            ],
            [
              -74.4006813,
              7.3148967
            ],
            [
              -74.401142,
              7.3150903
            ],
            [
              -74.4014205,
              7.3156182
            ],
            [
              -74.4022878,
              7.3164355
            ],
            [
              -74.4021794,
              7.3167151
            ],
            [
              -74.4014855,
              7.3166828
            ],
            [
              -74.4008676,
              7.3159623
            ],
            [
              -74.4004448,
              7.3158548
            ],
            [
              -74.4002063,
              7.3162634
            ],
            [
              -74.4019321,
              7.3188264
            ],
            [
              -74.4020394,
              7.3193727
            ],
            [
              -74.4026044,
              7.3197487
            ],
            [
              -74.4026688,
              7.3199757
            ],
            [
              -74.4026579,
              7.3208008
            ],
            [
              -74.4024399,
              7.3210355
            ],
            [
              -74.4022158,
              7.3208255
            ],
            [
              -74.4019605,
              7.3201647
            ],
            [
              -74.4017426,
              7.3201462
            ],
            [
              -74.4013939,
              7.3207823
            ],
            [
              -74.4014473,
              7.3215376
            ],
            [
              -74.4018645,
              7.3224578
            ],
            [
              -74.4024584,
              7.3227288
            ],
            [
              -74.4028017,
              7.3232254
            ],
            [
              -74.4027302,
              7.3241335
            ],
            [
              -74.4022152,
              7.3248713
            ],
            [
              -74.4014713,
              7.3248358
            ],
            [
              -74.401078,
              7.3251338
            ],
            [
              -74.4011423,
              7.3253963
            ],
            [
              -74.4017574,
              7.3257581
            ],
            [
              -74.4017646,
              7.326205
            ],
            [
              -74.4008782,
              7.3280007
            ],
            [
              -74.4009443,
              7.3283611
            ],
            [
              -74.4012699,
              7.3287402
            ],
            [
              -74.4016427,
              7.3287309
            ],
            [
              -74.4020013,
              7.3284313
            ],
            [
              -74.4024213,
              7.3282441
            ],
            [
              -74.4026714,
              7.3284781
            ],
            [
              -74.4024827,
              7.328759
            ],
            [
              -74.4024685,
              7.3289368
            ],
            [
              -74.4023411,
              7.329096
            ],
            [
              -74.4019872,
              7.3288011
            ],
            [
              -74.4017795,
              7.3288619
            ],
            [
              -74.4017771,
              7.3290997
            ],
            [
              -74.4022316,
              7.3294147
            ],
            [
              -74.402325,
              7.3303967
            ],
            [
              -74.4026799,
              7.3306869
            ],
            [
              -74.4026799,
              7.3309216
            ],
            [
              -74.4024359,
              7.3311601
            ],
            [
              -74.4017539,
              7.3312253
            ],
            [
              -74.4014089,
              7.331152
            ],
            [
              -74.4010802,
              7.3312172
            ],
            [
              -74.400653,
              7.3316898
            ],
            [
              -74.4007598,
              7.3325618
            ],
            [
              -74.4010638,
              7.3327981
            ],
            [
              -74.4013103,
              7.3333359
            ],
            [
              -74.4016307,
              7.3333033
            ],
            [
              -74.401984,
              7.3330833
            ],
            [
              -74.4022633,
              7.3333115
            ],
            [
              -74.4020661,
              7.3336863
            ],
            [
              -74.4016718,
              7.3337515
            ],
            [
              -74.4015075,
              7.3343708
            ],
            [
              -74.4020251,
              7.334762
            ],
            [
              -74.4026906,
              7.3363999
            ],
            [
              -74.402561,
              7.3367265
            ],
            [
              -74.4019602,
              7.3367407
            ],
            [
              -74.4017957,
              7.3372941
            ],
            [
              -74.4010804,
              7.3379112
            ],
            [
              -74.4019029,
              7.3398408
            ],
            [
              -74.4016955,
              7.3401955
            ],
            [
              -74.4008587,
              7.340231
            ],
            [
              -74.400265,
              7.3405998
            ],
            [
              -74.4000224,
              7.3415002
            ],
            [
              -74.3992702,
              7.3419381
            ],
            [
              -74.3993551,
              7.3425746
            ],
            [
              -74.3983925,
              7.3431643
            ],
            [
              -74.397897,
              7.3432579
            ],
            [
              -74.3973684,
              7.3430988
            ],
            [
              -74.3972882,
              7.3432579
            ],
            [
              -74.3977129,
              7.343768
            ],
            [
              -74.3976044,
              7.3440535
            ],
            [
              -74.3977507,
              7.3442922
            ],
            [
              -74.3984491,
              7.3443905
            ],
            [
              -74.3984208,
              7.3445777
            ],
            [
              -74.397963,
              7.34469
            ],
            [
              -74.3975552,
              7.3448997
            ],
            [
              -74.397508,
              7.3451524
            ],
            [
              -74.3979846,
              7.3453162
            ],
            [
              -74.3982724,
              7.3455549
            ],
            [
              -74.3982772,
              7.3458966
            ],
            [
              -74.3980035,
              7.3460323
            ],
            [
              -74.3976823,
              7.3463193
            ],
            [
              -74.3977135,
              7.3467887
            ],
            [
              -74.3980809,
              7.3468196
            ],
            [
              -74.3983673,
              7.3471777
            ],
            [
              -74.3986973,
              7.3471036
            ],
            [
              -74.3991274,
              7.3465767
            ],
            [
              -74.3996039,
              7.3467397
            ],
            [
              -74.3997518,
              7.3473427
            ],
            [
              -74.398158,
              7.3490175
            ],
            [
              -74.3975726,
              7.3500068
            ],
            [
              -74.3968108,
              7.3505166
            ],
            [
              -74.3959977,
              7.3508338
            ],
            [
              -74.3955152,
              7.3510112
            ],
            [
              -74.3944311,
              7.35078
            ],
            [
              -74.3940842,
              7.3508338
            ],
            [
              -74.3935584,
              7.3515327
            ],
            [
              -74.3929025,
              7.3517961
            ],
            [
              -74.3919105,
              7.3519036
            ],
            [
              -74.3917154,
              7.352081
            ],
            [
              -74.3918997,
              7.3523982
            ],
            [
              -74.391878,
              7.3528014
            ],
            [
              -74.3915853,
              7.3528767
            ],
            [
              -74.3908481,
              7.3525057
            ],
            [
              -74.3904686,
              7.3527584
            ],
            [
              -74.3902725,
              7.3535608
            ],
            [
              -74.3888849,
              7.3541567
            ],
            [
              -74.3884128,
              7.3540006
            ],
            [
              -74.3882054,
              7.3541425
            ],
            [
              -74.3882054,
              7.3543979
            ],
            [
              -74.3884343,
              7.3547384
            ],
            [
              -74.38847,
              7.3553485
            ],
            [
              -74.3888062,
              7.3555896
            ],
            [
              -74.389314,
              7.3555754
            ],
            [
              -74.3895572,
              7.3557812
            ],
            [
              -74.3896144,
              7.3561784
            ],
            [
              -74.3892192,
              7.3565962
            ],
            [
              -74.3890386,
              7.3575287
            ],
            [
              -74.388746,
              7.3576954
            ],
            [
              -74.3881607,
              7.3575596
            ],
            [
              -74.3877497,
              7.3580474
            ],
            [
              -74.3878307,
              7.3584735
            ],
            [
              -74.3881109,
              7.3585724
            ],
            [
              -74.3886713,
              7.3584488
            ],
            [
              -74.3891383,
              7.3585724
            ],
            [
              -74.3894247,
              7.3588441
            ],
            [
              -74.3893811,
              7.3591652
            ],
            [
              -74.3888989,
              7.3594006
            ],
            [
              -74.3886483,
              7.359523
            ],
            [
              -74.3881074,
              7.360269
            ],
            [
              -74.3868522,
              7.3610272
            ],
            [
              -74.3869183,
              7.3617854
            ],
            [
              -74.3867578,
              7.3622253
            ],
            [
              -74.3860405,
              7.3624312
            ],
            [
              -74.3852774,
              7.3620524
            ],
            [
              -74.3850064,
              7.3614718
            ],
            [
              -74.3843343,
              7.3609557
            ],
            [
              -74.3841716,
              7.3604611
            ],
            [
              -74.3838789,
              7.3602891
            ],
            [
              -74.3831851,
              7.3604611
            ],
            [
              -74.3827948,
              7.360945
            ],
            [
              -74.3831092,
              7.3616116
            ],
            [
              -74.3829466,
              7.3620309
            ],
            [
              -74.3825238,
              7.3621492
            ],
            [
              -74.3819167,
              7.3617621
            ],
            [
              -74.3815155,
              7.3620524
            ],
            [
              -74.3814505,
              7.3626438
            ],
            [
              -74.3813421,
              7.3633104
            ],
            [
              -74.3809084,
              7.3637942
            ],
            [
              -74.3797159,
              7.3641383
            ],
            [
              -74.3789305,
              7.3647251
            ],
            [
              -74.3777556,
              7.3650347
            ],
            [
              -74.3767532,
              7.3649614
            ],
            [
              -74.3758659,
              7.3646191
            ],
            [
              -74.375414,
              7.3648066
            ],
            [
              -74.3746006,
              7.366534
            ],
            [
              -74.3733517,
              7.3675036
            ],
            [
              -74.3731299,
              7.3680333
            ],
            [
              -74.3734257,
              7.3684977
            ],
            [
              -74.3745759,
              7.3684896
            ],
            [
              -74.3747238,
              7.3687585
            ],
            [
              -74.3745924,
              7.3690518
            ],
            [
              -74.3734667,
              7.369337
            ],
            [
              -74.3732696,
              7.369557
            ],
            [
              -74.3730112,
              7.3713916
            ],
            [
              -74.3731522,
              7.3719077
            ],
            [
              -74.3736292,
              7.3722571
            ],
            [
              -74.3740628,
              7.3733
            ],
            [
              -74.373687,
              7.3739076
            ],
            [
              -74.3729311,
              7.3744536
            ],
            [
              -74.372471,
              7.3752969
            ],
            [
              -74.3726887,
              7.3762095
            ],
            [
              -74.3724094,
              7.3764499
            ],
            [
              -74.3717685,
              7.3763358
            ],
            [
              -74.3715713,
              7.3764906
            ],
            [
              -74.3714974,
              7.3768532
            ],
            [
              -74.371712,
              7.3771547
            ],
            [
              -74.3716995,
              7.3774017
            ],
            [
              -74.371382,
              7.3774943
            ],
            [
              -74.3710707,
              7.3776981
            ],
            [
              -74.3707842,
              7.3781859
            ],
            [
              -74.3705787,
              7.3783156
            ],
            [
              -74.3701367,
              7.3783033
            ],
            [
              -74.3695451,
              7.3784453
            ],
            [
              -74.3689785,
              7.3783403
            ],
            [
              -74.3688228,
              7.3783897
            ],
            [
              -74.3684243,
              7.3788343
            ],
            [
              -74.3686796,
              7.3802916
            ],
            [
              -74.3686111,
              7.3806127
            ],
            [
              -74.3682562,
              7.3806868
            ],
            [
              -74.3678913,
              7.380577
            ],
            [
              -74.3674722,
              7.3808703
            ],
            [
              -74.3674147,
              7.3817259
            ],
            [
              -74.3671436,
              7.3817747
            ],
            [
              -74.3665356,
              7.3815792
            ],
            [
              -74.3661166,
              7.3816607
            ],
            [
              -74.3645144,
              7.3830703
            ],
            [
              -74.3645569,
              7.3839595
            ],
            [
              -74.3642493,
              7.3843922
            ],
            [
              -74.3643995,
              7.3847114
            ],
            [
              -74.3643065,
              7.385137
            ],
            [
              -74.3641706,
              7.3854136
            ],
            [
              -74.3642922,
              7.3857257
            ],
            [
              -74.3644056,
              7.38596
            ],
            [
              -74.3643513,
              7.3862503
            ],
            [
              -74.3641562,
              7.3863202
            ],
            [
              -74.3637768,
              7.3863148
            ],
            [
              -74.3632943,
              7.3864546
            ],
            [
              -74.363007,
              7.3870567
            ],
            [
              -74.3625734,
              7.3874007
            ],
            [
              -74.3625517,
              7.3877931
            ],
            [
              -74.3621235,
              7.3881157
            ],
            [
              -74.3617386,
              7.3882931
            ],
            [
              -74.3609255,
              7.3882501
            ],
            [
              -74.3607737,
              7.388406
            ],
            [
              -74.3607472,
              7.3888433
            ],
            [
              -74.3615919,
              7.392605
            ],
            [
              -74.3618959,
              7.3928168
            ],
            [
              -74.3623314,
              7.3928127
            ],
            [
              -74.3625779,
              7.3925766
            ],
            [
              -74.3626755,
              7.3920068
            ],
            [
              -74.3629411,
              7.3920229
            ],
            [
              -74.3631687,
              7.3921842
            ],
            [
              -74.3631735,
              7.3925528
            ],
            [
              -74.3629875,
              7.3930847
            ],
            [
              -74.3625325,
              7.3933921
            ],
            [
              -74.3614743,
              7.3937603
            ],
            [
              -74.3607875,
              7.3945752
            ],
            [
              -74.3596691,
              7.3952806
            ],
            [
              -74.3583387,
              7.3956636
            ],
            [
              -74.3575984,
              7.3960413
            ],
            [
              -74.3570459,
              7.3968127
            ],
            [
              -74.3565577,
              7.397201
            ],
            [
              -74.3565685,
              7.3974723
            ],
            [
              -74.3569011,
              7.397866
            ],
            [
              -74.357416,
              7.397882
            ],
            [
              -74.357526,
              7.3981001
            ],
            [
              -74.3575341,
              7.3983421
            ],
            [
              -74.3571961,
              7.3991906
            ],
            [
              -74.3569279,
              7.3996322
            ],
            [
              -74.3560696,
              7.40022
            ],
            [
              -74.3559435,
              7.4002546
            ],
            [
              -74.3558416,
              7.4002359
            ],
            [
              -74.3555465,
              7.3999939
            ],
            [
              -74.3553937,
              7.3999833
            ],
            [
              -74.3551415,
              7.4000843
            ],
            [
              -74.3549189,
              7.4004434
            ],
            [
              -74.3549001,
              7.4008052
            ],
            [
              -74.3547151,
              7.4009355
            ],
            [
              -74.3544441,
              7.4009328
            ],
            [
              -74.3541759,
              7.4007732
            ],
            [
              -74.3540445,
              7.4003264
            ],
            [
              -74.3539131,
              7.4001482
            ],
            [
              -74.3537039,
              7.4000737
            ],
            [
              -74.3534651,
              7.4001801
            ],
            [
              -74.3533579,
              7.400361
            ],
            [
              -74.3532881,
              7.4005418
            ],
            [
              -74.3535429,
              7.4008743
            ],
            [
              -74.3535483,
              7.4010366
            ],
            [
              -74.3534195,
              7.4011137
            ],
            [
              -74.353264,
              7.4010711
            ],
            [
              -74.3526095,
              7.4003583
            ],
            [
              -74.352124,
              7.3999168
            ],
            [
              -74.3518209,
              7.3999114
            ],
            [
              -74.3511933,
              7.4002572
            ],
            [
              -74.3509385,
              7.4004913
            ],
            [
              -74.3505657,
              7.4006216
            ],
            [
              -74.3503859,
              7.4007493
            ],
            [
              -74.350264,
              7.4008504
            ],
            [
              -74.3498924,
              7.4010472
            ],
            [
              -74.3495867,
              7.4012334
            ],
            [
              -74.3492755,
              7.4014754
            ],
            [
              -74.3489,
              7.4015446
            ],
            [
              -74.3486425,
              7.401659
            ],
            [
              -74.3483582,
              7.4020526
            ],
            [
              -74.3481115,
              7.4022574
            ],
            [
              -74.34809,
              7.4024729
            ],
            [
              -74.3482013,
              7.4030627
            ],
            [
              -74.348377,
              7.4036246
            ],
            [
              -74.3485165,
              7.4037576
            ],
            [
              -74.3485835,
              7.4038826
            ],
            [
              -74.3486371,
              7.404239
            ],
            [
              -74.3485647,
              7.404396
            ],
            [
              -74.3482402,
              7.4046752
            ],
            [
              -74.3482348,
              7.4049492
            ],
            [
              -74.34809,
              7.4052631
            ],
            [
              -74.3480927,
              7.405452
            ],
            [
              -74.3482509,
              7.4059493
            ],
            [
              -74.3482563,
              7.4061461
            ],
            [
              -74.3480578,
              7.4063004
            ],
            [
              -74.3477145,
              7.4063004
            ],
            [
              -74.3476313,
              7.4063722
            ],
            [
              -74.347575,
              7.4065132
            ],
            [
              -74.3475965,
              7.4068058
            ],
            [
              -74.3474168,
              7.4070611
            ],
            [
              -74.3471405,
              7.4070851
            ],
            [
              -74.3467167,
              7.4069946
            ],
            [
              -74.3466067,
              7.407117
            ],
            [
              -74.3463922,
              7.4072313
            ],
            [
              -74.3461883,
              7.4071728
            ],
            [
              -74.345963,
              7.406984
            ],
            [
              -74.3457833,
              7.4069521
            ],
            [
              -74.3456894,
              7.4070664
            ],
            [
              -74.3456814,
              7.4078537
            ],
            [
              -74.3455231,
              7.4080559
            ],
            [
              -74.3447292,
              7.4088299
            ],
            [
              -74.3445495,
              7.4092182
            ],
            [
              -74.344528,
              7.4096784
            ],
            [
              -74.3444636,
              7.4099789
            ],
            [
              -74.3446407,
              7.4104683
            ],
            [
              -74.3445119,
              7.4108833
            ],
            [
              -74.3442169,
              7.4114551
            ],
            [
              -74.3442062,
              7.4115615
            ],
            [
              -74.3442431,
              7.4116299
            ],
            [
              -74.3443778,
              7.4118461
            ],
            [
              -74.3444797,
              7.4120616
            ],
            [
              -74.3444851,
              7.4122517
            ],
            [
              -74.3443389,
              7.4124193
            ],
            [
              -74.3439366,
              7.4126986
            ],
            [
              -74.3436965,
              7.412793
            ],
            [
              -74.343321,
              7.4128834
            ],
            [
              -74.3429737,
              7.4129114
            ],
            [
              -74.3421838,
              7.4131481
            ],
            [
              -74.3418029,
              7.4132664
            ],
            [
              -74.3416514,
              7.4132558
            ],
            [
              -74.3414931,
              7.4132013
            ],
            [
              -74.3412638,
              7.413184
            ],
            [
              -74.3408655,
              7.4132638
            ],
            [
              -74.3406723,
              7.4132199
            ],
            [
              -74.3405651,
              7.4131414
            ],
            [
              -74.3404779,
              7.4125084
            ],
            [
              -74.3404242,
              7.4123674
            ],
            [
              -74.3403183,
              7.4122717
            ],
            [
              -74.340101,
              7.4123156
            ],
            [
              -74.3399575,
              7.412414
            ],
            [
              -74.3398824,
              7.4127425
            ],
            [
              -74.3395633,
              7.4133569
            ],
            [
              -74.3394707,
              7.4137505
            ],
            [
              -74.3394104,
              7.4141535
            ],
            [
              -74.3394144,
              7.4142639
            ],
            [
              -74.3393138,
              7.4143503
            ],
            [
              -74.3392709,
              7.4144394
            ],
            [
              -74.3393259,
              7.414611
            ],
            [
              -74.3392186,
              7.4146761
            ],
            [
              -74.3392199,
              7.4149182
            ],
            [
              -74.3391502,
              7.4150711
            ],
            [
              -74.3389906,
              7.4152467
            ],
            [
              -74.3387908,
              7.415361
            ],
            [
              -74.3387519,
              7.4155432
            ],
            [
              -74.3388431,
              7.4156496
            ],
            [
              -74.3390509,
              7.4157733
            ],
            [
              -74.3391569,
              7.4158877
            ],
            [
              -74.3391582,
              7.4160951
            ],
            [
              -74.3389973,
              7.4165074
            ],
            [
              -74.3387519,
              7.4167321
            ],
            [
              -74.3386526,
              7.4168837
            ],
            [
              -74.3386687,
              7.4171537
            ],
            [
              -74.3388082,
              7.4174822
            ],
            [
              -74.3389021,
              7.4175513
            ],
            [
              -74.3391113,
              7.41757
            ],
            [
              -74.3392615,
              7.4175939
            ],
            [
              -74.3393151,
              7.417679
            ],
            [
              -74.3393312,
              7.4178067
            ],
            [
              -74.3391837,
              7.4181006
            ],
            [
              -74.3388297,
              7.4184623
            ],
            [
              -74.3383791,
              7.4185527
            ],
            [
              -74.3381283,
              7.4187323
            ],
            [
              -74.3380733,
              7.4188666
            ],
            [
              -74.3380331,
              7.4190554
            ],
            [
              -74.3380438,
              7.419364
            ],
            [
              -74.3380961,
              7.4195608
            ],
            [
              -74.3381618,
              7.4195914
            ],
            [
              -74.3382812,
              7.4195927
            ],
            [
              -74.3386339,
              7.4194956
            ],
            [
              -74.3390751,
              7.4191951
            ],
            [
              -74.3392628,
              7.4190448
            ],
            [
              -74.3393782,
              7.4188068
            ],
            [
              -74.3394493,
              7.4188187
            ],
            [
              -74.3395793,
              7.4189464
            ],
            [
              -74.3396182,
              7.4190541
            ],
            [
              -74.3396156,
              7.4192443
            ],
            [
              -74.3395565,
              7.4195568
            ],
            [
              -74.3395726,
              7.4197603
            ],
            [
              -74.3396384,
              7.4198294
            ],
            [
              -74.3397135,
              7.4198534
            ],
            [
              -74.3402727,
              7.4199371
            ],
            [
              -74.3407998,
              7.4199664
            ],
            [
              -74.3408802,
              7.4200063
            ],
            [
              -74.3409097,
              7.4200994
            ],
            [
              -74.3408842,
              7.4206247
            ],
            [
              -74.3409057,
              7.4208907
            ],
            [
              -74.3409607,
              7.4210835
            ],
            [
              -74.341068,
              7.4212524
            ],
            [
              -74.3411055,
              7.4213561
            ],
            [
              -74.3410935,
              7.4216194
            ],
            [
              -74.3411042,
              7.4218588
            ],
            [
              -74.3409392,
              7.4224825
            ],
            [
              -74.3408863,
              7.4226241
            ],
            [
              -74.3406898,
              7.4229772
            ],
            [
              -74.3406794,
              7.4230979
            ],
            [
              -74.3407112,
              7.4232193
            ],
            [
              -74.3411498,
              7.4235797
            ],
            [
              -74.3412638,
              7.4237818
            ],
            [
              -74.3413979,
              7.4242619
            ],
            [
              -74.3415561,
              7.424585
            ],
            [
              -74.3416956,
              7.4250718
            ],
            [
              -74.3417895,
              7.4252473
            ],
            [
              -74.3419839,
              7.4254095
            ],
            [
              -74.3421663,
              7.4254361
            ],
            [
              -74.3425204,
              7.425371
            ],
            [
              -74.342739,
              7.4254189
            ],
            [
              -74.3428329,
              7.4255625
            ],
            [
              -74.3428087,
              7.4257593
            ],
            [
              -74.3427256,
              7.4259402
            ],
            [
              -74.3424734,
              7.4261982
            ],
            [
              -74.3423393,
              7.4264149
            ],
            [
              -74.3422656,
              7.4266117
            ],
            [
              -74.3422763,
              7.4267886
            ],
            [
              -74.3424319,
              7.4269987
            ],
            [
              -74.3426143,
              7.4270852
            ],
            [
              -74.3429858,
              7.427153
            ],
            [
              -74.3430957,
              7.4272168
            ],
            [
              -74.3432969,
              7.4274176
            ],
            [
              -74.3434323,
              7.427766
            ],
            [
              -74.3434498,
              7.4280121
            ],
            [
              -74.3435812,
              7.4281823
            ],
            [
              -74.3438494,
              7.4283233
            ],
            [
              -74.3444046,
              7.4284456
            ],
            [
              -74.3447319,
              7.4284769
            ],
            [
              -74.3450262,
              7.4285374
            ],
            [
              -74.3452167,
              7.4286052
            ],
            [
              -74.3452817,
              7.4286484
            ],
            [
              -74.3453313,
              7.4287328
            ],
            [
              -74.3453608,
              7.4288346
            ],
            [
              -74.3453857,
              7.4291192
            ],
            [
              -74.3455204,
              7.4295879
            ],
            [
              -74.3455808,
              7.4297076
            ],
            [
              -74.3456841,
              7.429802
            ],
            [
              -74.3457551,
              7.4298672
            ],
            [
              -74.3457994,
              7.4299949
            ],
            [
              -74.3458141,
              7.4302023
            ],
            [
              -74.3457954,
              7.4305507
            ],
            [
              -74.3458101,
              7.4307196
            ],
            [
              -74.3458946,
              7.4309643
            ],
            [
              -74.3459992,
              7.431096
            ],
            [
              -74.3462245,
              7.4312662
            ],
            [
              -74.3463479,
              7.4313912
            ],
            [
              -74.3464606,
              7.4315588
            ],
            [
              -74.3465719,
              7.4317968
            ],
            [
              -74.346647,
              7.4319231
            ],
            [
              -74.3467395,
              7.4319457
            ],
            [
              -74.3468548,
              7.4319325
            ],
            [
              -74.3469594,
              7.4319019
            ],
            [
              -74.3471673,
              7.4317835
            ],
            [
              -74.3474087,
              7.4315388
            ],
            [
              -74.3477802,
              7.4312103
            ],
            [
              -74.3480954,
              7.4311013
            ],
            [
              -74.3494003,
              7.4310627
            ],
            [
              -74.3495867,
              7.430955
            ],
            [
              -74.3498482,
              7.4308952
            ],
            [
              -74.3499716,
              7.4309856
            ],
            [
              -74.3502291,
              7.4310654
            ],
            [
              -74.3507494,
              7.4311412
            ],
            [
              -74.3509908,
              7.431342
            ],
            [
              -74.3511551,
              7.4315787
            ],
            [
              -74.3512912,
              7.431709
            ],
            [
              -74.3513441,
              7.4317391
            ],
            [
              -74.3514216,
              7.4317564
            ],
            [
              -74.3515437,
              7.4317742
            ],
            [
              -74.3516027,
              7.4317902
            ],
            [
              -74.3516443,
              7.4318091
            ],
            [
              -74.3516855,
              7.431832
            ],
            [
              -74.351774,
              7.4319228
            ],
            [
              -74.3518786,
              7.4321426
            ],
            [
              -74.3519135,
              7.43235
            ],
            [
              -74.3518853,
              7.4326133
            ],
            [
              -74.3519068,
              7.4328168
            ],
            [
              -74.3520007,
              7.4330522
            ],
            [
              -74.3522125,
              7.4333966
            ],
            [
              -74.3523909,
              7.4336041
            ],
            [
              -74.3525974,
              7.4337783
            ],
            [
              -74.3527463,
              7.4339472
            ],
            [
              -74.3528616,
              7.4341626
            ],
            [
              -74.3528925,
              7.4342876
            ],
            [
              -74.3528764,
              7.4344565
            ],
            [
              -74.3528402,
              7.4345868
            ],
            [
              -74.3528442,
              7.4346706
            ],
            [
              -74.3529448,
              7.4348474
            ],
            [
              -74.3529716,
              7.4349592
            ],
            [
              -74.3529877,
              7.4351639
            ],
            [
              -74.3530521,
              7.4353155
            ],
            [
              -74.3531728,
              7.435414
            ],
            [
              -74.353323,
              7.4354432
            ],
            [
              -74.3538675,
              7.4354592
            ],
            [
              -74.3542618,
              7.4355602
            ],
            [
              -74.3548653,
              7.4360443
            ],
            [
              -74.3550423,
              7.4364033
            ],
            [
              -74.3550316,
              7.4367225
            ],
            [
              -74.3551308,
              7.4371108
            ],
            [
              -74.3552327,
              7.4372199
            ],
            [
              -74.3553776,
              7.4372651
            ],
            [
              -74.3557799,
              7.4372518
            ],
            [
              -74.3560642,
              7.4372917
            ],
            [
              -74.3563432,
              7.437406
            ],
            [
              -74.3565926,
              7.43768
            ],
            [
              -74.3568286,
              7.4380417
            ],
            [
              -74.3570647,
              7.4382465
            ],
            [
              -74.3575501,
              7.4384725
            ],
            [
              -74.3577567,
              7.4386507
            ],
            [
              -74.3578613,
              7.4388422
            ],
            [
              -74.3579686,
              7.4391481
            ],
            [
              -74.358049,
              7.4395204
            ],
            [
              -74.3580893,
              7.4399726
            ],
            [
              -74.3581885,
              7.4405045
            ],
            [
              -74.3582073,
              7.4408662
            ],
            [
              -74.3583146,
              7.4412678
            ],
            [
              -74.3586203,
              7.4417306
            ],
            [
              -74.3587625,
              7.4420045
            ],
            [
              -74.3588725,
              7.4425577
            ],
            [
              -74.358969,
              7.4428157
            ],
            [
              -74.3590763,
              7.4434992
            ],
            [
              -74.359653,
              7.4451349
            ],
            [
              -74.3598595,
              7.4454008
            ],
            [
              -74.3600661,
              7.4456163
            ],
            [
              -74.3602404,
              7.4457253
            ],
            [
              -74.3604013,
              7.4457519
            ],
            [
              -74.3605837,
              7.445736
            ],
            [
              -74.3607634,
              7.4456535
            ],
            [
              -74.3612999,
              7.4453822
            ],
            [
              -74.3617076,
              7.4452758
            ],
            [
              -74.3619731,
              7.4452652
            ],
            [
              -74.3620884,
              7.4453344
            ],
            [
              -74.3623111,
              7.4456376
            ],
            [
              -74.3624747,
              7.4457572
            ],
            [
              -74.3626356,
              7.4457732
            ],
            [
              -74.3627751,
              7.4457439
            ],
            [
              -74.3628261,
              7.4456748
            ],
            [
              -74.3629521,
              7.4451562
            ],
            [
              -74.3630138,
              7.4450724
            ],
            [
              -74.3630949,
              7.4450112
            ],
            [
              -74.363168,
              7.4449879
            ],
            [
              -74.3632264,
              7.4449866
            ],
            [
              -74.363274,
              7.4449946
            ],
            [
              -74.3633115,
              7.4450278
            ],
            [
              -74.3633357,
              7.445073
            ],
            [
              -74.3633531,
              7.4451548
            ],
            [
              -74.3634564,
              7.4457493
            ],
            [
              -74.3635422,
              7.4459141
            ],
            [
              -74.363848,
              7.4462413
            ],
            [
              -74.3639499,
              7.4464062
            ],
            [
              -74.364033,
              7.4467067
            ],
            [
              -74.3640009,
              7.4471163
            ],
            [
              -74.3640304,
              7.4473929
            ],
            [
              -74.363966,
              7.4478397
            ],
            [
              -74.3639016,
              7.4485072
            ],
            [
              -74.3637514,
              7.4490338
            ],
            [
              -74.363569,
              7.4501402
            ],
            [
              -74.3634886,
              7.4503796
            ],
            [
              -74.3633115,
              7.4505923
            ],
            [
              -74.3632257,
              7.4508849
            ],
            [
              -74.3631989,
              7.4514009
            ],
            [
              -74.3632793,
              7.4520179
            ],
            [
              -74.3634188,
              7.4524328
            ],
            [
              -74.3634456,
              7.4526774
            ],
            [
              -74.3633705,
              7.453103
            ],
            [
              -74.3634027,
              7.453603
            ],
            [
              -74.3634296,
              7.4540019
            ],
            [
              -74.3631506,
              7.4551508
            ],
            [
              -74.3631345,
              7.4555338
            ],
            [
              -74.3633866,
              7.4567519
            ],
            [
              -74.3634889,
              7.4576755
            ],
            [
              -74.3635791,
              7.4585655
            ],
            [
              -74.3637372,
              7.4594753
            ],
            [
              -74.3639744,
              7.4603801
            ],
            [
              -74.3643095,
              7.4612342
            ],
            [
              -74.3647609,
              7.4619921
            ],
            [
              -74.3653466,
              7.4626393
            ],
            [
              -74.3660422,
              7.4632106
            ],
            [
              -74.3668033,
              7.4637348
            ],
            [
              -74.3675856,
              7.4642408
            ],
            [
              -74.3683444,
              7.4647575
            ],
            [
              -74.3690824,
              7.4652813
            ],
            [
              -74.3698293,
              7.465793
            ],
            [
              -74.3705811,
              7.4662979
            ],
            [
              -74.3713341,
              7.466801
            ],
            [
              -74.3720847,
              7.4673075
            ],
            [
              -74.3725634,
              7.4694559
            ],
            [
              -74.3711637,
              7.4724297
            ],
            [
              -74.3702897,
              7.475578
            ],
            [
              -74.3716971,
              7.4788315
            ],
            [
              -74.3725833,
              7.4771448
            ],
            [
              -74.373307,
              7.4760386
            ],
            [
              -74.3738606,
              7.4755704
            ],
            [
              -74.3744141,
              7.4749746
            ],
            [
              -74.3754367,
              7.4748463
            ],
            [
              -74.3767597,
              7.474376
            ],
            [
              -74.3791413,
              7.4736875
            ],
            [
              -74.3812053,
              7.4731578
            ],
            [
              -74.3833213,
              7.4712016
            ],
            [
              -74.384749,
              7.4690873
            ],
            [
              -74.3856469,
              7.4662337
            ],
            [
              -74.3885932,
              7.464046
            ],
            [
              -74.3926613,
              7.4640155
            ],
            [
              -74.3935644,
              7.4638959
            ],
            [
              -74.3944667,
              7.4636635
            ],
            [
              -74.3952544,
              7.4632064
            ],
            [
              -74.3960403,
              7.4625238
            ],
            [
              -74.3967132,
              7.4618419
            ],
            [
              -74.3975008,
              7.4613849
            ],
            [
              -74.3984022,
              7.4610397
            ],
            [
              -74.4014533,
              7.4610167
            ],
            [
              -74.402359,
              7.4612355
            ],
            [
              -74.4032638,
              7.4613415
            ],
            [
              -74.4042817,
              7.4614466
            ],
            [
              -74.4051865,
              7.4615526
            ],
            [
              -74.4102716,
              7.4615142
            ],
            [
              -74.4111747,
              7.4613946
            ],
            [
              -74.4120761,
              7.4610494
            ],
            [
              -74.4125221,
              7.4602565
            ],
            [
              -74.4128543,
              7.4593517
            ],
            [
              -74.4133012,
              7.4586716
            ],
            [
              -74.4135143,
              7.4569781
            ],
            [
              -74.4138438,
              7.4557236
            ],
            [
              -74.414063,
              7.4548196
            ],
            [
              -74.414509,
              7.4540267
            ],
            [
              -74.4148412,
              7.4531219
            ],
            [
              -74.4153993,
              7.4522153
            ],
            [
              -74.4159583,
              7.4514216
            ],
            [
              -74.4167424,
              7.4505133
            ],
            [
              -74.4171884,
              7.4497204
            ],
            [
              -74.4178613,
              7.4490386
            ],
            [
              -74.4187533,
              7.4474528
            ],
            [
              -74.4195391,
              7.4467701
            ],
            [
              -74.4203267,
              7.446313
            ],
            [
              -74.4211125,
              7.4456303
            ],
            [
              -74.4215585,
              7.4448374
            ],
            [
              -74.4217776,
              7.4439334
            ],
            [
              -74.4218838,
              7.4430303
            ],
            [
              -74.4218761,
              7.4420152
            ],
            [
              -74.4214181,
              7.4412291
            ],
            [
              -74.4205116,
              7.4408976
            ],
            [
              -74.4184777,
              7.440913
            ],
            [
              -74.4175746,
              7.4410326
            ],
            [
              -74.4145238,
              7.4410556
            ],
            [
              -74.413619,
              7.4409496
            ],
            [
              -74.4128246,
              7.4405044
            ],
            [
              -74.4121407,
              7.43972
            ],
            [
              -74.4116827,
              7.4389339
            ],
            [
              -74.4116521,
              7.4348737
            ],
            [
              -74.4119842,
              7.4339688
            ],
            [
              -74.4120904,
              7.4330657
            ],
            [
              -74.4124226,
              7.4321609
            ],
            [
              -74.4125287,
              7.4312577
            ],
            [
              -74.4127479,
              7.4303538
            ],
            [
              -74.4130801,
              7.4294489
            ],
            [
              -74.4130724,
              7.4284339
            ],
            [
              -74.4131786,
              7.4275307
            ],
            [
              -74.4131709,
              7.4265157
            ],
            [
              -74.4135031,
              7.4256108
            ],
            [
              -74.4140621,
              7.4248171
            ],
            [
              -74.4143942,
              7.4239123
            ],
            [
              -74.4149532,
              7.4231185
            ],
            [
              -74.4150586,
              7.4221026
            ],
            [
              -74.4150279,
              7.4180423
            ],
            [
              -74.4152404,
              7.4162474
            ],
            [
              -74.4154536,
              7.4145539
            ],
            [
              -74.4157806,
              7.4129723
            ],
            [
              -74.4158834,
              7.4116181
            ],
            [
              -74.4154247,
              7.4107192
            ],
            [
              -74.4151919,
              7.4098186
            ],
            [
              -74.4150721,
              7.4089172
            ],
            [
              -74.4150645,
              7.4079021
            ],
            [
              -74.4149447,
              7.4070007
            ],
            [
              -74.414599,
              7.4061009
            ],
            [
              -74.4143662,
              7.4052003
            ],
            [
              -74.4143586,
              7.4041853
            ],
            [
              -74.4141258,
              7.4032847
            ],
            [
              -74.4130886,
              7.4005855
            ],
            [
              -74.4125177,
              7.3998002
            ],
            [
              -74.412059,
              7.3989013
            ],
            [
              -74.4114881,
              7.398116
            ],
            [
              -74.4112554,
              7.3972154
            ],
            [
              -74.4111356,
              7.396314
            ],
            [
              -74.4111051,
              7.3922537
            ],
            [
              -74.4117779,
              7.3915719
            ],
            [
              -74.4119971,
              7.390668
            ],
            [
              -74.4125561,
              7.3898742
            ],
            [
              -74.4133411,
              7.3890788
            ],
            [
              -74.4141277,
              7.388509
            ],
            [
              -74.4145728,
              7.3876033
            ],
            [
              -74.414905,
              7.3866985
            ],
            [
              -74.4156916,
              7.3861286
            ],
            [
              -74.4163644,
              7.3854469
            ],
            [
              -74.4166966,
              7.384542
            ],
            [
              -74.4169158,
              7.3836381
            ],
            [
              -74.4174747,
              7.3828444
            ],
            [
              -74.4179207,
              7.3820515
            ],
            [
              -74.4188229,
              7.3818191
            ],
            [
              -74.4200597,
              7.3810203
            ],
            [
              -74.4208454,
              7.3803377
            ],
            [
              -74.421745,
              7.379767
            ],
            [
              -74.4227593,
              7.379421
            ],
            [
              -74.4236622,
              7.3793015
            ],
            [
              -74.4277294,
              7.379271
            ],
            [
              -74.4286341,
              7.379377
            ],
            [
              -74.4295404,
              7.3797085
            ],
            [
              -74.4305581,
              7.3798137
            ],
            [
              -74.431467,
              7.3804836
            ],
            [
              -74.4322613,
              7.3809288
            ],
            [
              -74.433278,
              7.3809211
            ],
            [
              -74.434181,
              7.3808015
            ],
            [
              -74.4350822,
              7.3804564
            ],
            [
              -74.436099,
              7.3804487
            ],
            [
              -74.4370037,
              7.3805547
            ],
            [
              -74.4379101,
              7.3808863
            ],
            [
              -74.4387052,
              7.3814442
            ],
            [
              -74.4396081,
              7.3813246
            ],
            [
              -74.4405094,
              7.3809795
            ],
            [
              -74.4414123,
              7.3808599
            ],
            [
              -74.4434459,
              7.3808445
            ],
            [
              -74.4443488,
              7.3807249
            ],
            [
              -74.4452509,
              7.3804926
            ],
            [
              -74.4460383,
              7.3800355
            ],
            [
              -74.446937,
              7.3793519
            ],
            [
              -74.447608,
              7.3784446
            ],
            [
              -74.4478271,
              7.3775406
            ],
            [
              -74.4499574,
              7.3753816
            ],
            [
              -74.4507439,
              7.3748117
            ],
            [
              -74.450963,
              7.3739077
            ],
            [
              -74.4515219,
              7.373114
            ],
            [
              -74.4528596,
              7.3707354
            ],
            [
              -74.4534185,
              7.3699416
            ],
            [
              -74.4535246,
              7.3690385
            ],
            [
              -74.453517,
              7.3680235
            ],
            [
              -74.4536231,
              7.3671204
            ],
            [
              -74.4536154,
              7.3661054
            ],
            [
              -74.4545072,
              7.3645196
            ],
            [
              -74.4552937,
              7.3639497
            ],
            [
              -74.4561923,
              7.3632662
            ],
            [
              -74.4579947,
              7.3625759
            ],
            [
              -74.4591218,
              7.362229
            ],
            [
              -74.460136,
              7.361883
            ],
            [
              -74.461038,
              7.3616506
            ],
            [
              -74.4619384,
              7.3611926
            ],
            [
              -74.4627249,
              7.3606228
            ],
            [
              -74.4641823,
              7.3591455
            ],
            [
              -74.4648541,
              7.3583509
            ],
            [
              -74.4656389,
              7.3575555
            ],
            [
              -74.4659709,
              7.3566507
            ],
            [
              -74.4666282,
              7.3539388
            ],
            [
              -74.4665974,
              7.3498788
            ],
            [
              -74.4668122,
              7.3484109
            ],
            [
              -74.4673633,
              7.3466022
            ],
            [
              -74.469727,
              7.3454565
            ],
            [
              -74.4726597,
              7.3448703
            ],
            [
              -74.4748035,
              7.3445157
            ],
            [
              -74.4789796,
              7.3440329
            ],
            [
              -74.4827031,
              7.3434408
            ],
            [
              -74.4867662,
              7.3429588
            ],
            [
              -74.4889142,
              7.343168
            ],
            [
              -74.491176,
              7.3434891
            ],
            [
              -74.4952572,
              7.3453754
            ],
            [
              -74.4967412,
              7.3473941
            ],
            [
              -74.4976631,
              7.3497555
            ],
            [
              -74.4989203,
              7.3516632
            ],
            [
              -74.4999586,
              7.3544748
            ],
            [
              -74.5026939,
              7.3576118
            ],
            [
              -74.5047524,
              7.3608667
            ],
            [
              -74.5061435,
              7.3654801
            ],
            [
              -74.5075303,
              7.3695296
            ],
            [
              -74.5085713,
              7.3726795
            ],
            [
              -74.5101824,
              7.3765016
            ],
            [
              -74.5116719,
              7.3791969
            ],
            [
              -74.5132717,
              7.381553
            ],
            [
              -74.5142997,
              7.3830112
            ],
            [
              -74.5149864,
              7.3841563
            ],
            [
              -74.5165785,
              7.3854974
            ],
            [
              -74.5189613,
              7.3868323
            ],
            [
              -74.5199806,
              7.3871628
            ],
            [
              -74.5207749,
              7.3876078
            ],
            [
              -74.5217942,
              7.3879383
            ],
            [
              -74.5228144,
              7.3883815
            ],
            [
              -74.5236087,
              7.3888265
            ],
            [
              -74.5246254,
              7.3888186
            ],
            [
              -74.5257586,
              7.389261
            ],
            [
              -74.5265529,
              7.3897059
            ],
            [
              -74.527348,
              7.3902637
            ],
            [
              -74.527806,
              7.3910496
            ],
            [
              -74.5287168,
              7.3919448
            ],
            [
              -74.5297396,
              7.3927263
            ],
            [
              -74.5303124,
              7.3937369
            ],
            [
              -74.5304323,
              7.3946381
            ],
            [
              -74.5306653,
              7.3955386
            ],
            [
              -74.5310112,
              7.3964381
            ],
            [
              -74.5314693,
              7.397224
            ],
            [
              -74.5321523,
              7.3978954
            ],
            [
              -74.5328363,
              7.3986795
            ],
            [
              -74.5336315,
              7.3992372
            ],
            [
              -74.5336394,
              7.4002522
            ],
            [
              -74.5343225,
              7.4009235
            ],
            [
              -74.5352271,
              7.4010293
            ],
            [
              -74.5362465,
              7.4013597
            ],
            [
              -74.537152,
              7.4015782
            ],
            [
              -74.5380593,
              7.4020223
            ],
            [
              -74.5390795,
              7.4024655
            ],
            [
              -74.539985,
              7.402684
            ],
            [
              -74.5408923,
              7.403128
            ],
            [
              -74.541797,
              7.4032337
            ],
            [
              -74.5425913,
              7.4036787
            ],
            [
              -74.5425992,
              7.4046936
            ],
            [
              -74.5431702,
              7.4054786
            ],
            [
              -74.5439663,
              7.406149
            ],
            [
              -74.5445382,
              7.4070468
            ],
            [
              -74.5452222,
              7.4078309
            ],
            [
              -74.5467023,
              7.4092854
            ],
            [
              -74.5472742,
              7.4101832
            ],
            [
              -74.5475072,
              7.4110836
            ],
            [
              -74.5490977,
              7.4121989
            ],
            [
              -74.550005,
              7.4126429
            ],
            [
              -74.5510252,
              7.4130861
            ],
            [
              -74.5528363,
              7.413523
            ],
            [
              -74.553741,
              7.4136287
            ],
            [
              -74.5554373,
              7.413841
            ],
            [
              -74.5569919,
              7.4141196
            ],
            [
              -74.5579179,
              7.4145545
            ],
            [
              -74.5584773,
              7.4152868
            ],
            [
              -74.5590735,
              7.4160189
            ],
            [
              -74.5595593,
              7.4167887
            ],
            [
              -74.560046,
              7.417669
            ],
            [
              -74.5603851,
              7.4185505
            ],
            [
              -74.5603999,
              7.4204292
            ],
            [
              -74.560444,
              7.4213498
            ],
            [
              -74.5602665,
              7.4222353
            ],
            [
              -74.5605687,
              7.423117
            ],
            [
              -74.5610188,
              7.4240345
            ],
            [
              -74.5612471,
              7.4249168
            ],
            [
              -74.5612544,
              7.4258377
            ],
            [
              -74.5613747,
              7.4262039
            ],
            [
              -74.5615367,
              7.4266011
            ],
            [
              -74.5619559,
              7.4273606
            ],
            [
              -74.5630495,
              7.425753
            ],
            [
              -74.5633255,
              7.4249209
            ],
            [
              -74.563355,
              7.4242727
            ],
            [
              -74.563848,
              7.4238605
            ],
            [
              -74.5655777,
              7.4232293
            ],
            [
              -74.5669806,
              7.4229296
            ],
            [
              -74.5684924,
              7.4217914
            ],
            [
              -74.5696022,
              7.4212645
            ],
            [
              -74.5707375,
              7.4213799
            ],
            [
              -74.5715875,
              7.4208571
            ],
            [
              -74.5715982,
              7.4197729
            ],
            [
              -74.5720183,
              7.4196326
            ],
            [
              -74.572964,
              7.4196384
            ],
            [
              -74.5742552,
              7.4194831
            ],
            [
              -74.5761281,
              7.418809
            ],
            [
              -74.5781969,
              7.4170933
            ],
            [
              -74.5792632,
              7.4166405
            ],
            [
              -74.5796714,
              7.4164651
            ],
            [
              -74.5802884,
              7.4161999
            ],
            [
              -74.580668,
              7.4158236
            ],
            [
              -74.5808439,
              7.4155023
            ],
            [
              -74.5808531,
              7.4151993
            ],
            [
              -74.5809958,
              7.4147812
            ],
            [
              -74.582055,
              7.4141419
            ],
            [
              -74.5837111,
              7.4118839
            ],
            [
              -74.5848671,
              7.410795
            ],
            [
              -74.5855236,
              7.4087651
            ],
            [
              -74.5852462,
              7.4076843
            ],
            [
              -74.5854961,
              7.4073997
            ],
            [
              -74.5860516,
              7.4070779
            ],
            [
              -74.5869588,
              7.4068398
            ],
            [
              -74.58769,
              7.4061744
            ],
            [
              -74.5880418,
              7.4052564
            ],
            [
              -74.5882639,
              7.4044485
            ],
            [
              -74.5892637,
              7.4033652
            ],
            [
              -74.5908476,
              7.4021344
            ],
            [
              -74.5912248,
              7.4015093
            ],
            [
              -74.59131,
              7.4008294
            ],
            [
              -74.5913563,
              7.4002602
            ],
            [
              -74.5913748,
              7.3998195
            ],
            [
              -74.5915877,
              7.3992871
            ],
            [
              -74.5918932,
              7.3989749
            ],
            [
              -74.5922358,
              7.3986812
            ],
            [
              -74.592245,
              7.3983415
            ],
            [
              -74.5914087,
              7.3968447
            ],
            [
              -74.5914398,
              7.3966481
            ],
            [
              -74.5914827,
              7.3963765
            ],
            [
              -74.5919363,
              7.3959817
            ],
            [
              -74.5933941,
              7.3953635
            ],
            [
              -74.5968,
              7.3930414
            ],
            [
              -74.5983114,
              7.3924341
            ],
            [
              -74.5989105,
              7.3919182
            ],
            [
              -74.5991249,
              7.3916091
            ],
            [
              -74.5997988,
              7.3906961
            ],
            [
              -74.6000024,
              7.3905446
            ],
            [
              -74.6006875,
              7.3902187
            ],
            [
              -74.6012892,
              7.389879
            ],
            [
              -74.6014929,
              7.3895394
            ],
            [
              -74.6017012,
              7.3891033
            ],
            [
              -74.6019233,
              7.3888049
            ],
            [
              -74.6025297,
              7.388557
            ],
            [
              -74.6031222,
              7.3884974
            ],
            [
              -74.6039183,
              7.3885249
            ],
            [
              -74.604608,
              7.3884193
            ],
            [
              -74.6054041,
              7.3883092
            ],
            [
              -74.6057698,
              7.3881026
            ],
            [
              -74.6060382,
              7.3878547
            ],
            [
              -74.6061639,
              7.3875255
            ],
            [
              -74.6063067,
              7.3871515
            ],
            [
              -74.606316,
              7.3869725
            ],
            [
              -74.6062651,
              7.3866764
            ],
            [
              -74.6062419,
              7.3864537
            ],
            [
              -74.6064433,
              7.3862403
            ],
            [
              -74.6066839,
              7.3860452
            ],
            [
              -74.6068112,
              7.3858914
            ],
            [
              -74.6069594,
              7.3857927
            ],
            [
              -74.6070797,
              7.3857675
            ],
            [
              -74.6072579,
              7.3857813
            ],
            [
              -74.6073644,
              7.3858364
            ],
            [
              -74.6074361,
              7.3859672
            ],
            [
              -74.6075241,
              7.3860865
            ],
            [
              -74.6077138,
              7.3864583
            ],
            [
              -74.6078481,
              7.3866305
            ],
            [
              -74.6081651,
              7.3866879
            ],
            [
              -74.6083781,
              7.3867177
            ],
            [
              -74.6086187,
              7.3868416
            ],
            [
              -74.6088155,
              7.3872433
            ],
            [
              -74.6090423,
              7.3875325
            ],
            [
              -74.6092806,
              7.3877138
            ],
            [
              -74.609519,
              7.3878033
            ],
            [
              -74.6097667,
              7.3878905
            ],
            [
              -74.6099194,
              7.3880718
            ],
            [
              -74.6101994,
              7.3885515
            ],
            [
              -74.610299,
              7.3888384
            ],
            [
              -74.6103406,
              7.3890243
            ],
            [
              -74.6102712,
              7.3892951
            ],
            [
              -74.6102642,
              7.3895682
            ],
            [
              -74.6103476,
              7.3898092
            ],
            [
              -74.6103476,
              7.3900158
            ],
            [
              -74.610292,
              7.3901833
            ],
            [
              -74.6102596,
              7.390406
            ],
            [
              -74.6103429,
              7.3906194
            ],
            [
              -74.6105026,
              7.3908627
            ],
            [
              -74.6106276,
              7.3910257
            ],
            [
              -74.6109261,
              7.3912322
            ],
            [
              -74.6110974,
              7.3912965
            ],
            [
              -74.6113034,
              7.3912896
            ],
            [
              -74.6114538,
              7.3912391
            ],
            [
              -74.6116251,
              7.391106
            ],
            [
              -74.6117686,
              7.3909384
            ],
            [
              -74.6118287,
              7.3907571
            ],
            [
              -74.6121481,
              7.3903578
            ],
            [
              -74.6129443,
              7.389986
            ],
            [
              -74.6134812,
              7.3898437
            ],
            [
              -74.6138515,
              7.389582
            ],
            [
              -74.614444,
              7.3889302
            ],
            [
              -74.6146106,
              7.3885354
            ],
            [
              -74.6149392,
              7.3881223
            ],
            [
              -74.6152864,
              7.3878744
            ],
            [
              -74.615652,
              7.3876816
            ],
            [
              -74.6157949,
              7.3876146
            ],
            [
              -74.6209576,
              7.3768614
            ],
            [
              -74.699109,
              7.3126904
            ],
            [
              -74.9150682,
              7.263796
            ],
            [
              -74.9149954,
              7.2628254
            ],
            [
              -74.9147529,
              7.2606998
            ],
            [
              -74.9157668,
              7.2585606
            ],
            [
              -74.9161309,
              7.2577
            ],
            [
              -74.9159953,
              7.2566598
            ],
            [
              -74.9150426,
              7.2548994
            ],
            [
              -74.9150057,
              7.2539617
            ],
            [
              -74.9159416,
              7.2527283
            ],
            [
              -74.9158451,
              7.2504869
            ],
            [
              -74.9149439,
              7.2491671
            ],
            [
              -74.9140555,
              7.2460444
            ],
            [
              -74.9140555,
              7.2433623
            ],
            [
              -74.912296,
              7.2397011
            ],
            [
              -74.9103219,
              7.2348477
            ],
            [
              -74.9096878,
              7.2326677
            ],
            [
              -74.9091686,
              7.2320497
            ],
            [
              -74.9083827,
              7.2318995
            ],
            [
              -74.9077141,
              7.2315923
            ],
            [
              -74.9065265,
              7.2314497
            ],
            [
              -74.9056435,
              7.2315497
            ],
            [
              -74.9051499,
              7.2317573
            ],
            [
              -74.904572,
              7.2318567
            ],
            [
              -74.9030525,
              7.2316561
            ],
            [
              -74.9020225,
              7.2311665
            ],
            [
              -74.9016047,
              7.2312449
            ],
            [
              -74.9009585,
              7.2318151
            ],
            [
              -74.8998499,
              7.2322043
            ],
            [
              -74.898954,
              7.2323214
            ],
            [
              -74.8986636,
              7.2323931
            ],
            [
              -74.8980768,
              7.2326843
            ],
            [
              -74.8970872,
              7.2328961
            ],
            [
              -74.8966144,
              7.2328284
            ],
            [
              -74.8953959,
              7.2321432
            ],
            [
              -74.8941409,
              7.2317179
            ],
            [
              -74.891997,
              7.2299517
            ],
            [
              -74.8914592,
              7.2298398
            ],
            [
              -74.8898828,
              7.2294104
            ],
            [
              -74.8893363,
              7.2293982
            ],
            [
              -74.8871577,
              7.2298734
            ],
            [
              -74.8852618,
              7.2299724
            ],
            [
              -74.8845291,
              7.2296286
            ],
            [
              -74.8840034,
              7.2289261
            ],
            [
              -74.8836386,
              7.2278191
            ],
            [
              -74.8834026,
              7.2275105
            ],
            [
              -74.8829982,
              7.2260068
            ],
            [
              -74.8824999,
              7.2254111
            ],
            [
              -74.8802382,
              7.2240764
            ],
            [
              -74.8768908,
              7.2247576
            ],
            [
              -74.8759896,
              7.2241616
            ],
            [
              -74.8762471,
              7.2230546
            ],
            [
              -74.8761184,
              7.2209685
            ],
            [
              -74.8758609,
              7.2195209
            ],
            [
              -74.8740455,
              7.2180883
            ],
            [
              -74.8728868,
              7.2153209
            ],
            [
              -74.8723847,
              7.2139861
            ],
            [
              -74.8717839,
              7.2132197
            ],
            [
              -74.8702389,
              7.2118999
            ],
            [
              -74.8681361,
              7.209686
            ],
            [
              -74.8666341,
              7.2072591
            ],
            [
              -74.8656577,
              7.2061096
            ],
            [
              -74.8656464,
              7.2056374
            ],
            [
              -74.866038,
              7.2047752
            ],
            [
              -74.866192,
              7.2036018
            ],
            [
              -74.866693,
              7.2022351
            ],
            [
              -74.866398,
              7.2010057
            ],
            [
              -74.8665482,
              7.1989141
            ],
            [
              -74.8661191,
              7.1979774
            ],
            [
              -74.8653781,
              7.1979416
            ],
            [
              -74.8646739,
              7.1981999
            ],
            [
              -74.8642623,
              7.1976968
            ],
            [
              -74.864043,
              7.1969715
            ],
            [
              -74.8640484,
              7.195492
            ],
            [
              -74.8640163,
              7.1939432
            ],
            [
              -74.8631948,
              7.1914486
            ],
            [
              -74.86224,
              7.1898785
            ],
            [
              -74.8614067,
              7.1891828
            ],
            [
              -74.861151,
              7.1882233
            ],
            [
              -74.8606575,
              7.1877283
            ],
            [
              -74.8603391,
              7.186595
            ],
            [
              -74.8601256,
              7.1850654
            ],
            [
              -74.8601814,
              7.183324
            ],
            [
              -74.8587195,
              7.1809475
            ],
            [
              -74.8581147,
              7.1793883
            ],
            [
              -74.8576966,
              7.1791779
            ],
            [
              -74.8565937,
              7.1793993
            ],
            [
              -74.8560529,
              7.1791279
            ],
            [
              -74.8555637,
              7.1783412
            ],
            [
              -74.8561337,
              7.1761486
            ],
            [
              -74.8554339,
              7.1730689
            ],
            [
              -74.8549886,
              7.1701383
            ],
            [
              -74.8551589,
              7.169776
            ],
            [
              -74.8555452,
              7.1694407
            ],
            [
              -74.8558105,
              7.168979
            ],
            [
              -74.8557815,
              7.1682211
            ],
            [
              -74.8549147,
              7.1677559
            ],
            [
              -74.8537001,
              7.1663093
            ],
            [
              -74.8531218,
              7.1663827
            ],
            [
              -74.8522217,
              7.1667128
            ],
            [
              -74.8516613,
              7.166673
            ],
            [
              -74.8512808,
              7.1663114
            ],
            [
              -74.8510712,
              7.1656351
            ],
            [
              -74.8505287,
              7.1653778
            ],
            [
              -74.8495803,
              7.1657281
            ],
            [
              -74.8492637,
              7.1663412
            ],
            [
              -74.8489708,
              7.1664668
            ],
            [
              -74.8477692,
              7.1662795
            ],
            [
              -74.8475192,
              7.1653449
            ],
            [
              -74.8474956,
              7.1647125
            ],
            [
              -74.8478048,
              7.1645202
            ],
            [
              -74.8481544,
              7.163648
            ],
            [
              -74.8481635,
              7.1626357
            ],
            [
              -74.8477714,
              7.1618288
            ],
            [
              -74.8484151,
              7.1609133
            ],
            [
              -74.8486129,
              7.1605831
            ],
            [
              -74.8492498,
              7.1595199
            ],
            [
              -74.8495041,
              7.1586459
            ],
            [
              -74.8496443,
              7.1573478
            ],
            [
              -74.8493332,
              7.1568635
            ],
            [
              -74.8491768,
              7.1562614
            ],
            [
              -74.8494858,
              7.1556716
            ],
            [
              -74.8502073,
              7.1553145
            ],
            [
              -74.8516667,
              7.1547717
            ],
            [
              -74.851774,
              7.1542926
            ],
            [
              -74.8521817,
              7.1533345
            ],
            [
              -74.8525706,
              7.1527911
            ],
            [
              -74.8525572,
              7.1519826
            ],
            [
              -74.8521281,
              7.1510777
            ],
            [
              -74.8517982,
              7.1504491
            ],
            [
              -74.8512403,
              7.1498636
            ],
            [
              -74.8509801,
              7.1494383
            ],
            [
              -74.8510978,
              7.1490124
            ],
            [
              -74.8514841,
              7.1482992
            ],
            [
              -74.8522646,
              7.1480761
            ],
            [
              -74.8528332,
              7.1477568
            ],
            [
              -74.853147,
              7.147224
            ],
            [
              -74.8533429,
              7.1467028
            ],
            [
              -74.8534421,
              7.146053
            ],
            [
              -74.853434,
              7.1453083
            ],
            [
              -74.8531283,
              7.1443396
            ],
            [
              -74.8529298,
              7.1435093
            ],
            [
              -74.85297,
              7.1417469
            ],
            [
              -74.8531042,
              7.1401447
            ],
            [
              -74.8527984,
              7.1394527
            ],
            [
              -74.8520501,
              7.1388038
            ],
            [
              -74.8502959,
              7.1380746
            ],
            [
              -74.8492055,
              7.137237
            ],
            [
              -74.8484129,
              7.1367679
            ],
            [
              -74.8476807,
              7.1363979
            ],
            [
              -74.8470155,
              7.1362377
            ],
            [
              -74.8464281,
              7.1359402
            ],
            [
              -74.8457656,
              7.1360572
            ],
            [
              -74.8454762,
              7.1360276
            ],
            [
              -74.8453016,
              7.1358044
            ],
            [
              -74.8454089,
              7.1353334
            ],
            [
              -74.8453981,
              7.1349501
            ],
            [
              -74.8451863,
              7.1347207
            ],
            [
              -74.8446444,
              7.1346435
            ],
            [
              -74.8436174,
              7.1347421
            ],
            [
              -74.8431129,
              7.1346574
            ],
            [
              -74.8427642,
              7.1343699
            ],
            [
              -74.8426207,
              7.1341788
            ],
            [
              -74.8417692,
              7.1341924
            ],
            [
              -74.7607135,
              7.1348468
            ],
            [
              -74.7521301,
              7.1277762
            ],
            [
              -74.7158349,
              7.0775935
            ],
            [
              -74.7138854,
              7.0772486
            ],
            [
              -74.7125154,
              7.0772593
            ],
            [
              -74.7109264,
              7.0769116
            ],
            [
              -74.7083262,
              7.0763556
            ],
            [
              -74.7043156,
              7.0798445
            ],
            [
              -74.6964656,
              7.0777164
            ],
            [
              -74.6957825,
              7.0782849
            ],
            [
              -74.6945695,
              7.0787625
            ],
            [
              -74.6935489,
              7.0790166
            ],
            [
              -74.6925656,
              7.0788971
            ],
            [
              -74.6914783,
              7.0786129
            ],
            [
              -74.6911651,
              7.0785321
            ],
            [
              -74.6908366,
              7.0785315
            ],
            [
              -74.6904197,
              7.078531
            ],
            [
              -74.6896488,
              7.0789701
            ],
            [
              -74.6886321,
              7.0792598
            ],
            [
              -74.6873691,
              7.0795602
            ],
            [
              -74.6867696,
              7.0801083
            ],
            [
              -74.6862145,
              7.0808997
            ],
            [
              -74.6860886,
              7.0826522
            ],
            [
              -74.6860502,
              7.0831447
            ],
            [
              -74.686017,
              7.0836336
            ],
            [
              -74.6858261,
              7.0839697
            ],
            [
              -74.6853123,
              7.0842408
            ],
            [
              -74.6848439,
              7.0842401
            ],
            [
              -74.6844875,
              7.0841334
            ],
            [
              -74.683768,
              7.083321
            ],
            [
              -74.6834952,
              7.0831458
            ],
            [
              -74.683419,
              7.0832001
            ],
            [
              -74.6824768,
              7.0844483
            ],
            [
              -74.6820475,
              7.0847142
            ],
            [
              -74.6817055,
              7.0847514
            ],
            [
              -74.6813179,
              7.0845767
            ],
            [
              -74.6810187,
              7.0842768
            ],
            [
              -74.6808267,
              7.084122
            ],
            [
              -74.680718,
              7.0839429
            ],
            [
              -74.6805986,
              7.0839283
            ],
            [
              -74.6804814,
              7.0839428
            ],
            [
              -74.6804433,
              7.0839996
            ],
            [
              -74.6804431,
              7.0841869
            ],
            [
              -74.68058,
              7.0853006
            ],
            [
              -74.6806182,
              7.085774
            ],
            [
              -74.680864,
              7.0886323
            ],
            [
              -74.6808152,
              7.0889901
            ],
            [
              -74.680772,
              7.0892806
            ],
            [
              -74.6799853,
              7.090681
            ],
            [
              -74.6789679,
              7.0919108
            ],
            [
              -74.6780028,
              7.0930818
            ],
            [
              -74.6773418,
              7.0936224
            ],
            [
              -74.6766131,
              7.0939121
            ],
            [
              -74.6764969,
              7.0939568
            ],
            [
              -74.6763334,
              7.0941885
            ],
            [
              -74.6760803,
              7.0944989
            ],
            [
              -74.6759056,
              7.0957338
            ],
            [
              -74.6759937,
              7.0960097
            ],
            [
              -74.6754821,
              7.0965365
            ],
            [
              -74.674244,
              7.0980611
            ],
            [
              -74.6733213,
              7.0988702
            ],
            [
              -74.6724201,
              7.0995516
            ],
            [
              -74.6716906,
              7.0996262
            ],
            [
              -74.6716405,
              7.1000041
            ],
            [
              -74.6719338,
              7.1003253
            ],
            [
              -74.6723207,
              7.1014339
            ],
            [
              -74.6719631,
              7.1025838
            ],
            [
              -74.6702958,
              7.1039167
            ],
            [
              -74.6692229,
              7.1053433
            ],
            [
              -74.6687444,
              7.1060119
            ],
            [
              -74.6677209,
              7.1064931
            ],
            [
              -74.6664978,
              7.1074087
            ],
            [
              -74.6654828,
              7.1095252
            ],
            [
              -74.6649957,
              7.1102619
            ],
            [
              -74.6645172,
              7.1118249
            ],
            [
              -74.6642805,
              7.1137042
            ],
            [
              -74.6656351,
              7.1163879
            ],
            [
              -74.6643226,
              7.1177143
            ],
            [
              -74.6648126,
              7.1186147
            ],
            [
              -74.6648153,
              7.1198736
            ],
            [
              -74.6651654,
              7.1208011
            ],
            [
              -74.6646356,
              7.1229424
            ],
            [
              -74.6641098,
              7.1245606
            ],
            [
              -74.6639114,
              7.1254069
            ],
            [
              -74.6640401,
              7.1262533
            ],
            [
              -74.6640186,
              7.1268016
            ],
            [
              -74.6627526,
              7.1279407
            ],
            [
              -74.6618629,
              7.1286633
            ],
            [
              -74.6605157,
              7.1294364
            ],
            [
              -74.660403,
              7.1297345
            ],
            [
              -74.6607839,
              7.1303041
            ],
            [
              -74.6610575,
              7.1304957
            ],
            [
              -74.6615188,
              7.1308044
            ],
            [
              -74.661771,
              7.131161
            ],
            [
              -74.6615886,
              7.1317093
            ],
            [
              -74.661315,
              7.132231
            ],
            [
              -74.661138,
              7.1330081
            ],
            [
              -74.6600812,
              7.1349563
            ],
            [
              -74.6600865,
              7.1354407
            ],
            [
              -74.660521,
              7.1360315
            ],
            [
              -74.6606552,
              7.136122
            ],
            [
              -74.6608375,
              7.1366756
            ],
            [
              -74.6602636,
              7.1380116
            ],
            [
              -74.660285,
              7.1382192
            ],
            [
              -74.6604406,
              7.1384853
            ],
            [
              -74.6607034,
              7.1385971
            ],
            [
              -74.6611433,
              7.138629
            ],
            [
              -74.6615725,
              7.1387941
            ],
            [
              -74.6617763,
              7.1393476
            ],
            [
              -74.6618192,
              7.1401141
            ],
            [
              -74.6621089,
              7.1407049
            ],
            [
              -74.6621894,
              7.1413011
            ],
            [
              -74.6623771,
              7.1417908
            ],
            [
              -74.6625381,
              7.14252
            ],
            [
              -74.6625455,
              7.1426638
            ],
            [
              -74.6620821,
              7.1431907
            ],
            [
              -74.6618943,
              7.1439306
            ],
            [
              -74.6620177,
              7.1443936
            ],
            [
              -74.6623771,
              7.1458148
            ],
            [
              -74.6623503,
              7.1462513
            ],
            [
              -74.6618568,
              7.1468261
            ],
            [
              -74.6611004,
              7.1473158
            ],
            [
              -74.6597969,
              7.1483697
            ],
            [
              -74.6594321,
              7.1485933
            ],
            [
              -74.6593355,
              7.148902
            ],
            [
              -74.6595447,
              7.1495354
            ],
            [
              -74.6597969,
              7.1499346
            ],
            [
              -74.6599149,
              7.1507117
            ],
            [
              -74.6599739,
              7.1513877
            ],
            [
              -74.6608375,
              7.1522447
            ],
            [
              -74.6608152,
              7.1529258
            ],
            [
              -74.6604508,
              7.1535027
            ],
            [
              -74.6608751,
              7.153884
            ],
            [
              -74.6605586,
              7.1549539
            ],
            [
              -74.6598559,
              7.1562154
            ],
            [
              -74.6591799,
              7.1567157
            ],
            [
              -74.6588205,
              7.1567955
            ],
            [
              -74.6583377,
              7.1571788
            ],
            [
              -74.6580695,
              7.1574928
            ],
            [
              -74.657635,
              7.1573491
            ],
            [
              -74.65712,
              7.1573331
            ],
            [
              -74.6565406,
              7.1575354
            ],
            [
              -74.6550454,
              7.1574459
            ],
            [
              -74.6534716,
              7.157914
            ],
            [
              -74.6520031,
              7.1570196
            ],
            [
              -74.6510442,
              7.1572209
            ],
            [
              -74.6508532,
              7.1582051
            ],
            [
              -74.6483281,
              7.1589607
            ],
            [
              -74.6469769,
              7.1587022
            ],
            [
              -74.6439726,
              7.1566236
            ],
            [
              -74.6437522,
              7.1573642
            ],
            [
              -74.6434234,
              7.1578467
            ],
            [
              -74.6429935,
              7.1579726
            ],
            [
              -74.6422421,
              7.1577082
            ],
            [
              -74.6422354,
              7.1568996
            ],
            [
              -74.6416872,
              7.1560547
            ],
            [
              -74.6407379,
              7.1560165
            ],
            [
              -74.6375023,
              7.1574608
            ],
            [
              -74.6356355,
              7.1586318
            ],
            [
              -74.6347987,
              7.1602712
            ],
            [
              -74.6329938,
              7.1617983
            ],
            [
              -74.6325128,
              7.1626493
            ],
            [
              -74.6326962,
              7.1637279
            ]
          ]
        ]
      }
    }
  ]
}